link,title,company_name,required_experience,reward
https://www.wanted.co.kr/wd/318167,Flutter 개발자,KAYPLE,경력 2년 이상,합격보상금 100만원
https://www.wanted.co.kr/wd/320095,플러터 프론트 APP 개발,패션앤스타일컴퍼니,경력 2-10년,합격보상금 100만원
https://www.wanted.co.kr/wd/258622,앱(Flutter) 개발,어플레이즈,경력 3-15년,합격보상금 100만원
https://www.wanted.co.kr/wd/262121,모바일 엔지니어 (Flutter),엘리스,경력 5-10년,합격보상금 100만원
https://www.wanted.co.kr/wd/316794,Flutter Desktop 개발자,앤서스랩코리아,경력 5년 이상,합격보상금 100만원
https://www.wanted.co.kr/wd/312308,Flutter 개발자 (3년 이상),에이드리븐,경력 3년 이상,합격보상금 100만원
https://www.wanted.co.kr/wd/303933,로봇자동화 Flutter 개발자,엑스와이지,경력 3-10년,합격보상금 100만원
https://www.wanted.co.kr/wd/313672,Flutter 개발자 (5년이상),예써,경력 5년 이상,합격보상금 100만원
https://www.wanted.co.kr/wd/318167,Flutter 개발자,KAYPLE,경력 2년 이상,합격보상금 100만원
https://www.wanted.co.kr/wd/320095,플러터 프론트 APP 개발,패션앤스타일컴퍼니,경력 2-10년,합격보상금 100만원
https://www.wanted.co.kr/wd/258622,앱(Flutter) 개발,어플레이즈,경력 3-15년,합격보상금 100만원
https://www.wanted.co.kr/wd/262121,모바일 엔지니어 (Flutter),엘리스,경력 5-10년,합격보상금 100만원
https://www.wanted.co.kr/wd/316794,Flutter Desktop 개발자,앤서스랩코리아,경력 5년 이상,합격보상금 100만원
https://www.wanted.co.kr/wd/312308,Flutter 개발자 (3년 이상),에이드리븐,경력 3년 이상,합격보상금 100만원
https://www.wanted.co.kr/wd/303933,로봇자동화 Flutter 개발자,엑스와이지,경력 3-10년,합격보상금 100만원
https://www.wanted.co.kr/wd/313672,Flutter 개발자 (5년이상),예써,경력 5년 이상,합격보상금 100만원
https://www.wanted.co.kr/wd/304367,"Senior, iOS Engineer (Marketplace Platform)",쿠팡,경력 5-15년,합격보상금 100만원
https://www.wanted.co.kr/wd/270930,IOS 앱 개발자 (Flutter),퍼스트해빗,경력 3년 이상,합격보상금 100만원
https://www.wanted.co.kr/wd/202044,Senior Site Reliability Engineer,하이퍼커넥트,경력 3-20년,합격보상금 100만원
https://www.wanted.co.kr/wd/297266,Full Stack Software Engineer (Global/JP),리디(RIDI),경력 5년 이상,합격보상금 100만원
https://www.wanted.co.kr/wd/302252,Flutter 개발자,뉴하이퍼,경력 1년 이상,합격보상금 100만원
https://www.wanted.co.kr/wd/311617,풀스택 개발자 (Front-End / Back-End / Mobile App),114114구인구직,경력 3년,합격보상금 100만원
https://www.wanted.co.kr/wd/319541,Sr. Software Engineer (Front-end),소울블렌드,경력 5년 이상,합격보상금 100만원
https://www.wanted.co.kr/wd/270330,Flutter Web CRM 개발자,에이치아이티,경력 1-4년,합격보상금 100만원
https://www.wanted.co.kr/wd/168259,[병역특례 현역/보충역] Flutter개발자,넛지헬스케어(캐시워크),신입-경력 3년,합격보상금 100만원
https://www.wanted.co.kr/wd/284909,Flutter 앱 개발자,테일크루(Talecrew),경력 3-10년,합격보상금 100만원
https://www.wanted.co.kr/wd/320372,모바일 앱 개발자 (Flutter),아페로,경력 1-7년,합격보상금 100만원
https://www.wanted.co.kr/wd/315996,Flutter 앱 개발자,플랙스뉴럴랩스,경력 2-5년,합격보상금 100만원
https://www.wanted.co.kr/wd/316177,앱(Flutter) 개발자,중고나라,경력 3-5년,합격보상금 100만원
https://www.wanted.co.kr/wd/317821,Flutter 앱개발자,에이에이씨,경력 1년,합격보상금 100만원
https://www.wanted.co.kr/wd/316696,멀티플랫폼 앱 개발자 (Android & Flutter),룰루랩(lululab),경력 5년 이상,합격보상금 100만원
https://www.wanted.co.kr/wd/318516,[메가스터디교육 자회사] 앱 개발자 (Flutter),마이스,경력 5-10년,합격보상금 100만원
https://www.wanted.co.kr/wd/310252,Frontend Engineer,우주탐험가,경력 2년 이상,합격보상금 100만원
https://www.wanted.co.kr/wd/312151,Android 개발자,더스윙,경력 3년 이상,합격보상금 100만원
https://www.wanted.co.kr/wd/312755,Flutter 개발자 (LiveConnection 플랫폼),화컴,신입-경력 5년,합격보상금 100만원
https://www.wanted.co.kr/wd/316786,Flutter 앱 개발 엔지니어,큐레아,경력 3년 이상,합격보상금 100만원
https://www.wanted.co.kr/wd/319028,모바일 앱 개발자 주니어(일본 시장 서비스 / 골드스푼 재팬 / 서울 근무),트리플콤마(골드스푼),경력 1-3년,합격보상금 100만원
https://www.wanted.co.kr/wd/220132,"프론트엔드 / 모바일 (Vue, Flutter) 엔지니어",드래프티파이,경력 1-12년,합격보상금 100만원
